16.07.202516:00,Belgrade
17.07.202516:00,Budapest
18.07.202516:00,Bucharest
19.07.202516:00,Sofia
20.07.202516:00,Istanbul
21.07.202516:00,Izmir
22.07.202516:00,Antalya
23.07.202516:00,Ankara
24.07.202516:00,
25.07.202516:00,Baku
26.07.202516:00,Johannesburg
27.07.202516:00,Rio de Janeiro
28.07.202516:00,Sao Paulo
29.07.202516:00,Buenos Aires
30.07.202516:00,Montreal
31.07.202516:00,Toronto
01.08.202516:00,New York
02.08.202516:00,Nashville
03.08.202516:00,Chicago
04.08.202516:00,Mexico City
05.08.202516:00,Los Angeles
06.08.202516:00,Seattle
07.08.202516:00,
08.08.202516:00,Melbourne
09.08.202516:00,Jakarta
10.08.202516:00,Singapore
11.08.202516:00,Manila
12.08.202516:00,Shanghai
13.08.202516:00,Tokyo
14.08.202516:00,Kiev
15.08.202516:00,Moscow
16.08.202516:00,Vilnius
17.08.202516:00,Tallinn
18.08.202516:00,Helsinki
19.08.202516:00,Tromsø
20.08.202516:00,Stockholm
21.08.202516:00,Copenhagen
22.08.202516:00,Glasgow
23.08.202516:00,London
24.08.202516:00,Amsterdam
25.08.202516:00,Warsaw
26.08.202516:00,Berlin
27.08.202516:00,Brussels
28.08.202516:00,Paris
29.08.202516:00,Porto
30.08.202516:00,Madrid
31.08.202516:00,Barcelona
01.09.202516:00,Milan
02.09.202516:00,Rome
03.09.202516:00,Dubrovnik
04.09.202516:00,Sarajevo
05.09.202516:00,Belgrade
06.09.202516:00,Budapest
07.09.202516:00,Bucharest
08.09.202516:00,Sofia
09.09.202516:00,Istanbul
10.09.202516:00,Izmir
11.09.202516:00,Antalya
12.09.202516:00,Ankara
13.09.202516:00,Baku
14.09.202516:00,Johannesburg
15.09.202516:00,Rio de Janeiro
16.09.202516:00,Sao Paulo
17.09.202516:00,Buenos Aires
18.09.202516:00,
19.09.202516:00,Montreal
20.09.202516:00,Toronto
21.09.202516:00,New York
22.09.202516:00,Nashville
23.09.202516:00,Chicago
24.09.202516:00,Mexico City
25.09.202516:00,Los Angeles
26.09.202516:00,Seattle
27.09.202516:00,
28.09.202516:00,Melbourne
29.09.202516:00,Jakarta
30.09.202516:00,Singapore
01.10.202516:00,Manila
02.10.202516:00,Shanghai
03.10.202516:00,Tokyo
04.10.202516:00,Kiev
05.10.202516:00,Moscow
06.10.202516:00,Vilnius
07.10.202516:00,Tallinn
08.10.202516:00,Helsinki
09.10.202516:00,Tromsø
10.10.202516:00,Stockholm
11.10.202516:00,Copenhagen
12.10.202516:00,Glasgow
13.10.202516:00,London
14.10.202516:00,Amsterdam
15.10.202516:00,Warsaw
16.10.202516:00,Berlin
17.10.202516:00,Brussels
18.10.202516:00,Paris
19.10.202516:00,Porto
20.10.202516:00,Madrid
21.10.202516:00,Barcelona
22.10.202516:00,Milan
23.10.202516:00,Rome
24.10.202516:00,Dubrovnik
25.10.202516:00,Sarajevo
26.10.202516:00,Belgrade
27.10.202516:00,Budapest
28.10.202516:00,Bucharest
29.10.202516:00,Sofia
30.10.202516:00,Istanbul
31.10.202516:00,Izmir
01.11.202516:00,Antalya
02.11.202516:00,Ankara
03.11.202516:00,Baku
04.11.202516:00,Johannesburg
05.11.202516:00,Rio de Janeiro
06.11.202516:00,Sao Paulo
07.11.202516:00,Buenos Aires
08.11.202516:00,Montreal
09.11.202516:00,Toronto
10.11.202516:00,New York
11.11.202516:00,Nashville
12.11.202516:00,Chicago
13.11.202516:00,
14.11.202516:00,Mexico City
15.11.202516:00,Los Angeles
16.11.202516:00,Seattle
17.11.202516:00,
18.11.202516:00,Melbourne
19.11.202516:00,Jakarta
20.11.202516:00,Singapore
21.11.202516:00,Manila
22.11.202516:00,Shanghai
23.11.202516:00,Tokyo
24.11.202516:00,Kiev
25.11.202516:00,Moscow
26.11.202516:00,Vilnius
27.11.202516:00,Tallinn
28.11.202516:00,Helsinki
29.11.202516:00,Tromsø
30.11.202516:00,Stockholm
01.12.202516:00,Copenhagen
02.12.202516:00,Glasgow
03.12.202516:00,London
04.12.202516:00,Amsterdam
05.12.202516:00,Warsaw
06.12.202516:00,Berlin
07.12.202516:00,Brussels
08.12.202516:00,Paris
09.12.202516:00,Porto
10.12.202516:00,Madrid
11.12.202516:00,Barcelona
12.12.202516:00,Milan
13.12.202516:00,Rome
14.12.202516:00,Dubrovnik
15.12.202516:00,Sarajevo
16.12.202516:00,Belgrade
17.12.202516:00,Budapest
18.12.202516:00,Bucharest
19.12.202516:00,Sofia
20.12.202516:00,Istanbul
21.12.202516:00,Izmir
22.12.202516:00,Antalya
23.12.202516:00,Ankara
24.12.202516:00,Baku
25.12.202516:00,Johannesburg
26.12.202516:00,Rio de Janeiro
27.12.202516:00,Sao Paulo
28.12.202516:00,Buenos Aires
29.12.202516:00,Montreal
30.12.202516:00,Toronto
